{
	"manifest_version": 2,
	"name": "Box Critters Texture Pack Manager",
	"description": "A great extension that lets you easily switch between, add and create new themes to use on Box Critters!",
	"version_name": "3.2.0",
	"version": "3.2.0.202",
	"author": "TumbleGamer",
	"icons": {
		"16": "logo-16.png",
		"32": "logo-32.png",
		"64": "logo-64.png",
		"48": "logo-48.png",
		"128": "logo-128.png"
	},
	"browser_action": {
		"default_icon": {
			"16": "logo-16.png",
			"32": "logo-32.png",
			"48": "logo-48.png",
			"128": "logo-128.png"
		},
		"default_popup": "popup/popup.html",
		"default_title": "BC Texture Pack Manager"
	},
	"background": {
		"page": "bg/background.html",
		"persistent": true
	},
	"externally_connectable": {
		"matches": ["https://*.boxcritters.com/*"]
	},
	"content_scripts": [
		{
			"matches": [
				"https://*.githubusercontent.com/*/*.bctp.json"
			],
			"js": [
				"oneclick-tp.js"
			]
		},
		{
			"matches": [
				"https://*.githubusercontent.com/*/*.bcs.json"
			],
			"js": [
				"oneclick-shader.js"
			]
		},
		{
			"matches": [
				"https://*.boxcritters.com/*",
				"https://critterball.herokuapp.com/*",
				"https://*.boxcrittersmods.ga/*"
			],
			"js": [
				"content.js"
			]
		}
	],
	"permissions": [
		"webRequest",
		"webRequestBlocking",
		"storage",
		"tabs",
		"activeTab",
		"https://critterball.herokuapp.com/*",
		"https://*.boxcritters.com/*",
		"https://*.boxcrittersmods.ga/*"
	],

	"options_ui": {
		"page": "popup/options.html",
		"open_in_tab": true
	}
}